"date","currency","model","level","species","aic","fit_start_newmoon","fit_end_newmoon","initial_newmoon"
2017-07-25,"abundance","Forecast","Controls","total",1578.65763930143,217,403,403
2017-07-25,"abundance","AutoArima","Controls","total",135.258099501791,217,403,403
2017-07-25,"abundance","NegBinom Time Series","Controls","BA",117.853433875634,217,403,403
2017-07-25,"abundance","NegBinom Time Series","Controls","DM",917.815460107044,217,403,403
2017-07-25,"abundance","NegBinom Time Series","Controls","DO",686.359528395525,217,403,403
2017-07-25,"abundance","NegBinom Time Series","Controls","DS",104.748719535786,217,403,403
2017-07-25,"abundance","NegBinom Time Series","Controls","NA",153.731725298044,217,403,403
2017-07-25,"abundance","NegBinom Time Series","Controls","OL",173.563370957793,217,403,403
2017-07-25,"abundance","NegBinom Time Series","Controls","OT",630.771850063239,217,403,403
2017-07-25,"abundance","NegBinom Time Series","Controls","PB",608.911910497894,217,403,403
2017-07-25,"abundance","NegBinom Time Series","Controls","PE",147.003437968828,217,403,403
2017-07-25,"abundance","NegBinom Time Series","Controls","PF",418.148712521816,217,403,403
2017-07-25,"abundance","NegBinom Time Series","Controls","PH",1e+06,217,403,403
2017-07-25,"abundance","NegBinom Time Series","Controls","PL",1e+06,217,403,403
2017-07-25,"abundance","NegBinom Time Series","Controls","PM",196.7113746876,217,403,403
2017-07-25,"abundance","NegBinom Time Series","Controls","PP",860.218949805857,217,403,403
2017-07-25,"abundance","NegBinom Time Series","Controls","RF",1e+06,217,403,403
2017-07-25,"abundance","NegBinom Time Series","Controls","RM",201.563101788417,217,403,403
2017-07-25,"abundance","NegBinom Time Series","Controls","RO",1e+06,217,403,403
2017-07-25,"abundance","NegBinom Time Series","Controls","SF",149.703835274204,217,403,403
2017-07-25,"abundance","NegBinom Time Series","Controls","SH",95.2690320389322,217,403,403
2017-07-25,"abundance","NegBinom Time Series","Controls","SO",1e+06,217,403,403
2017-07-25,"abundance","NegBinom Time Series","Controls","total",1231.16920784032,217,403,403
2017-07-25,"abundance","Poisson Env","Controls","BA",132.61018303784,217,403,403
2017-07-25,"abundance","Poisson Env","Controls","DM",918.177520388522,217,403,403
2017-07-25,"abundance","Poisson Env","Controls","DO",657.422566502439,217,403,403
2017-07-25,"abundance","Poisson Env","Controls","DS",118.305445178529,217,403,403
2017-07-25,"abundance","Poisson Env","Controls","NA",154.803209198786,217,403,403
2017-07-25,"abundance","Poisson Env","Controls","OL",1e+06,217,403,403
2017-07-25,"abundance","Poisson Env","Controls","OT",626.255502034542,217,403,403
2017-07-25,"abundance","Poisson Env","Controls","PB",647.653620565309,217,403,403
2017-07-25,"abundance","Poisson Env","Controls","PE",149.491388477023,217,403,403
2017-07-25,"abundance","Poisson Env","Controls","PF",434.662998484143,217,403,403
2017-07-25,"abundance","Poisson Env","Controls","PH",1e+06,217,403,403
2017-07-25,"abundance","Poisson Env","Controls","PL",34.2355012884575,217,403,403
2017-07-25,"abundance","Poisson Env","Controls","PM",227.396128532219,217,403,403
2017-07-25,"abundance","Poisson Env","Controls","PP",1004.04459668529,217,403,403
2017-07-25,"abundance","Poisson Env","Controls","RF",1e+06,217,403,403
2017-07-25,"abundance","Poisson Env","Controls","RM",235.678061294207,217,403,403
2017-07-25,"abundance","Poisson Env","Controls","RO",1e+06,217,403,403
2017-07-25,"abundance","Poisson Env","Controls","SF",172.896178968798,217,403,403
2017-07-25,"abundance","Poisson Env","Controls","SH",110.696442200864,217,403,403
2017-07-25,"abundance","Poisson Env","Controls","SO",1e+06,217,403,403
2017-07-25,"abundance","Poisson Env","Controls","total",1356.14329657027,217,403,403
2017-07-25,"abundance","Forecast","Controls","total",1585.67907257124,217,404,404
2017-07-25,"abundance","AutoArima","Controls","total",135.108006399181,217,404,404
2017-07-25,"abundance","NegBinom Time Series","Controls","BA",117.71288504077,217,404,404
2017-07-25,"abundance","NegBinom Time Series","Controls","DM",922.020504956601,217,404,404
2017-07-25,"abundance","NegBinom Time Series","Controls","DO",687.706017431105,217,404,404
2017-07-25,"abundance","NegBinom Time Series","Controls","DS",104.699559241061,217,404,404
2017-07-25,"abundance","NegBinom Time Series","Controls","NA",153.902147940177,217,404,404
2017-07-25,"abundance","NegBinom Time Series","Controls","OL",177.702383569515,217,404,404
2017-07-25,"abundance","NegBinom Time Series","Controls","OT",633.579077239608,217,404,404
2017-07-25,"abundance","NegBinom Time Series","Controls","PB",611.430058546312,217,404,404
2017-07-25,"abundance","NegBinom Time Series","Controls","PE",147.195423604538,217,404,404
2017-07-25,"abundance","NegBinom Time Series","Controls","PF",417.910683749514,217,404,404
2017-07-25,"abundance","NegBinom Time Series","Controls","PH",1e+06,217,404,404
2017-07-25,"abundance","NegBinom Time Series","Controls","PL",1e+06,217,404,404
2017-07-25,"abundance","NegBinom Time Series","Controls","PM",196.988715975792,217,404,404
2017-07-25,"abundance","NegBinom Time Series","Controls","PP",861.864208328032,217,404,404
2017-07-25,"abundance","NegBinom Time Series","Controls","RF",1e+06,217,404,404
2017-07-25,"abundance","NegBinom Time Series","Controls","RM",201.578610363743,217,404,404
2017-07-25,"abundance","NegBinom Time Series","Controls","RO",1e+06,217,404,404
2017-07-25,"abundance","NegBinom Time Series","Controls","SF",149.93258765181,217,404,404
2017-07-25,"abundance","NegBinom Time Series","Controls","SH",95.5321087386746,217,404,404
2017-07-25,"abundance","NegBinom Time Series","Controls","SO",1e+06,217,404,404
2017-07-25,"abundance","NegBinom Time Series","Controls","total",1236.58953789934,217,404,404
2017-07-25,"abundance","Poisson Env","Controls","BA",131.419354603672,217,404,404
2017-07-25,"abundance","Poisson Env","Controls","DM",922.186595294865,217,404,404
2017-07-25,"abundance","Poisson Env","Controls","DO",659.386943836964,217,404,404
2017-07-25,"abundance","Poisson Env","Controls","DS",118.563468575602,217,404,404
2017-07-25,"abundance","Poisson Env","Controls","NA",154.886917545443,217,404,404
2017-07-25,"abundance","Poisson Env","Controls","OL",1e+06,217,404,404
2017-07-25,"abundance","Poisson Env","Controls","OT",628.840195956493,217,404,404
2017-07-25,"abundance","Poisson Env","Controls","PB",651.633260494062,217,404,404
2017-07-25,"abundance","Poisson Env","Controls","PE",149.1744757163,217,404,404
2017-07-25,"abundance","Poisson Env","Controls","PF",435.453159739875,217,404,404
2017-07-25,"abundance","Poisson Env","Controls","PH",1e+06,217,404,404
2017-07-25,"abundance","Poisson Env","Controls","PL",35.4722914691344,217,404,404
2017-07-25,"abundance","Poisson Env","Controls","PM",227.71755888667,217,404,404
2017-07-25,"abundance","Poisson Env","Controls","PP",1005.32466550793,217,404,404
2017-07-25,"abundance","Poisson Env","Controls","RF",1e+06,217,404,404
2017-07-25,"abundance","Poisson Env","Controls","RM",236.535595949399,217,404,404
2017-07-25,"abundance","Poisson Env","Controls","RO",1e+06,217,404,404
2017-07-25,"abundance","Poisson Env","Controls","SF",176.043663118409,217,404,404
2017-07-25,"abundance","Poisson Env","Controls","SH",110.700893495533,217,404,404
2017-07-25,"abundance","Poisson Env","Controls","SO",1e+06,217,404,404
2017-07-25,"abundance","Poisson Env","Controls","total",1362.23182328629,217,404,404
2017-07-25,"abundance","Forecast","Controls","total",1592.8393913577,217,405,405
2017-07-25,"abundance","AutoArima","Controls","total",135.046277296471,217,405,405
2017-07-25,"abundance","NegBinom Time Series","Controls","BA",117.812810121144,217,405,405
2017-07-25,"abundance","NegBinom Time Series","Controls","DM",926.222444121536,217,405,405
2017-07-25,"abundance","NegBinom Time Series","Controls","DO",691.083982834878,217,405,405
2017-07-25,"abundance","NegBinom Time Series","Controls","DS",104.829571827905,217,405,405
2017-07-25,"abundance","NegBinom Time Series","Controls","NA",154.206591863789,217,405,405
2017-07-25,"abundance","NegBinom Time Series","Controls","OL",178.407596625408,217,405,405
2017-07-25,"abundance","NegBinom Time Series","Controls","OT",636.720509240946,217,405,405
2017-07-25,"abundance","NegBinom Time Series","Controls","PB",612.60456342416,217,405,405
2017-07-25,"abundance","NegBinom Time Series","Controls","PE",147.388399688809,217,405,405
2017-07-25,"abundance","NegBinom Time Series","Controls","PF",418.447831698344,217,405,405
2017-07-25,"abundance","NegBinom Time Series","Controls","PH",1e+06,217,405,405
2017-07-25,"abundance","NegBinom Time Series","Controls","PL",1e+06,217,405,405
2017-07-25,"abundance","NegBinom Time Series","Controls","PM",197.335934723121,217,405,405
2017-07-25,"abundance","NegBinom Time Series","Controls","PP",864.885383082717,217,405,405
2017-07-25,"abundance","NegBinom Time Series","Controls","RF",1e+06,217,405,405
2017-07-25,"abundance","NegBinom Time Series","Controls","RM",202.007758449981,217,405,405
2017-07-25,"abundance","NegBinom Time Series","Controls","RO",1e+06,217,405,405
2017-07-25,"abundance","NegBinom Time Series","Controls","SF",150.322844085022,217,405,405
2017-07-25,"abundance","NegBinom Time Series","Controls","SH",95.0082925005103,217,405,405
2017-07-25,"abundance","NegBinom Time Series","Controls","SO",1e+06,217,405,405
2017-07-25,"abundance","NegBinom Time Series","Controls","total",1242.87016233949,217,405,405
2017-07-25,"abundance","Poisson Env","Controls","BA",132.530432799535,217,405,405
2017-07-25,"abundance","Poisson Env","Controls","DM",926.126637152033,217,405,405
2017-07-25,"abundance","Poisson Env","Controls","DO",661.223164705926,217,405,405
2017-07-25,"abundance","Poisson Env","Controls","DS",118.603080649825,217,405,405
2017-07-25,"abundance","Poisson Env","Controls","NA",155.673391743634,217,405,405
2017-07-25,"abundance","Poisson Env","Controls","OL",1e+06,217,405,405
2017-07-25,"abundance","Poisson Env","Controls","OT",632.142367841518,217,405,405
2017-07-25,"abundance","Poisson Env","Controls","PB",590.078033858819,217,405,405
2017-07-25,"abundance","Poisson Env","Controls","PE",149.40618290891,217,405,405
2017-07-25,"abundance","Poisson Env","Controls","PF",436.388149008645,217,405,405
2017-07-25,"abundance","Poisson Env","Controls","PH",1e+06,217,405,405
2017-07-25,"abundance","Poisson Env","Controls","PL",35.4775940408625,217,405,405
2017-07-25,"abundance","Poisson Env","Controls","PM",228.19935544109,217,405,405
2017-07-25,"abundance","Poisson Env","Controls","PP",1008.7615217074,217,405,405
2017-07-25,"abundance","Poisson Env","Controls","RF",1e+06,217,405,405
2017-07-25,"abundance","Poisson Env","Controls","RM",230.318196481899,217,405,405
2017-07-25,"abundance","Poisson Env","Controls","RO",1e+06,217,405,405
2017-07-25,"abundance","Poisson Env","Controls","SF",173.638163528766,217,405,405
2017-07-25,"abundance","Poisson Env","Controls","SH",110.851803669562,217,405,405
2017-07-25,"abundance","Poisson Env","Controls","SO",1e+06,217,405,405
2017-07-25,"abundance","Poisson Env","Controls","total",1365.44543149462,217,405,405
2017-07-25,"abundance","Forecast","Controls","total",1604.87453312896,217,406,406
2017-07-25,"abundance","AutoArima","Controls","total",135.1054234856,217,406,406
2017-07-25,"abundance","NegBinom Time Series","Controls","BA",117.920768759028,217,406,406
2017-07-25,"abundance","NegBinom Time Series","Controls","DM",930.518874739245,217,406,406
2017-07-25,"abundance","NegBinom Time Series","Controls","DO",691.347608428575,217,406,406
2017-07-25,"abundance","NegBinom Time Series","Controls","DS",104.969755570039,217,406,406
2017-07-25,"abundance","NegBinom Time Series","Controls","NA",154.446189916251,217,406,406
2017-07-25,"abundance","NegBinom Time Series","Controls","OL",178.675247037905,217,406,406
2017-07-25,"abundance","NegBinom Time Series","Controls","OT",638.524014857164,217,406,406
2017-07-25,"abundance","NegBinom Time Series","Controls","PB",613.870612539919,217,406,406
2017-07-25,"abundance","NegBinom Time Series","Controls","PE",147.58004394628,217,406,406
2017-07-25,"abundance","NegBinom Time Series","Controls","PF",419.769363406218,217,406,406
2017-07-25,"abundance","NegBinom Time Series","Controls","PH",1e+06,217,406,406
2017-07-25,"abundance","NegBinom Time Series","Controls","PL",1e+06,217,406,406
2017-07-25,"abundance","NegBinom Time Series","Controls","PM",197.59154631073,217,406,406
2017-07-25,"abundance","NegBinom Time Series","Controls","PP",872.026287610873,217,406,406
2017-07-25,"abundance","NegBinom Time Series","Controls","RF",1e+06,217,406,406
2017-07-25,"abundance","NegBinom Time Series","Controls","RM",202.402536838966,217,406,406
2017-07-25,"abundance","NegBinom Time Series","Controls","RO",1e+06,217,406,406
2017-07-25,"abundance","NegBinom Time Series","Controls","SF",150.569364189421,217,406,406
2017-07-25,"abundance","NegBinom Time Series","Controls","SH",95.0163876560433,217,406,406
2017-07-25,"abundance","NegBinom Time Series","Controls","SO",1e+06,217,406,406
2017-07-25,"abundance","NegBinom Time Series","Controls","total",1248.41218850408,217,406,406
2017-07-25,"abundance","Poisson Env","Controls","BA",132.944731305938,217,406,406
2017-07-25,"abundance","Poisson Env","Controls","DM",930.451890551105,217,406,406
2017-07-25,"abundance","Poisson Env","Controls","DO",663.063120699311,217,406,406
2017-07-25,"abundance","Poisson Env","Controls","DS",115.176379190255,217,406,406
2017-07-25,"abundance","Poisson Env","Controls","NA",155.64692032089,217,406,406
2017-07-25,"abundance","Poisson Env","Controls","OL",1e+06,217,406,406
2017-07-25,"abundance","Poisson Env","Controls","OT",634.203955185329,217,406,406
2017-07-25,"abundance","Poisson Env","Controls","PB",682.565157134235,217,406,406
2017-07-25,"abundance","Poisson Env","Controls","PE",149.332641396017,217,406,406
2017-07-25,"abundance","Poisson Env","Controls","PF",437.387780246526,217,406,406
2017-07-25,"abundance","Poisson Env","Controls","PH",1e+06,217,406,406
2017-07-25,"abundance","Poisson Env","Controls","PL",32.29481469644,217,406,406
2017-07-25,"abundance","Poisson Env","Controls","PM",228.702227355572,217,406,406
2017-07-25,"abundance","Poisson Env","Controls","PP",1015.86488313312,217,406,406
2017-07-25,"abundance","Poisson Env","Controls","RF",1e+06,217,406,406
2017-07-25,"abundance","Poisson Env","Controls","RM",230.606481507198,217,406,406
2017-07-25,"abundance","Poisson Env","Controls","RO",1e+06,217,406,406
2017-07-25,"abundance","Poisson Env","Controls","SF",176.212387825498,217,406,406
2017-07-25,"abundance","Poisson Env","Controls","SH",110.998340636492,217,406,406
2017-07-25,"abundance","Poisson Env","Controls","SO",1e+06,217,406,406
2017-07-25,"abundance","Poisson Env","Controls","total",1370.84746094056,217,406,406
2017-07-25,"abundance","Forecast","Controls","total",1613.84728126521,217,407,407
2017-07-25,"abundance","AutoArima","Controls","total",135.080027668696,217,407,407
2017-07-25,"abundance","NegBinom Time Series","Controls","BA",117.630990392266,217,407,407
2017-07-25,"abundance","NegBinom Time Series","Controls","DM",935.321735520616,217,407,407
2017-07-25,"abundance","NegBinom Time Series","Controls","DO",692.927659796823,217,407,407
2017-07-25,"abundance","NegBinom Time Series","Controls","DS",105.105386463355,217,407,407
2017-07-25,"abundance","NegBinom Time Series","Controls","NA",154.601815537385,217,407,407
2017-07-25,"abundance","NegBinom Time Series","Controls","OL",178.898862929559,217,407,407
2017-07-25,"abundance","NegBinom Time Series","Controls","OT",640.768724538773,217,407,407
2017-07-25,"abundance","NegBinom Time Series","Controls","PB",615.317633887224,217,407,407
2017-07-25,"abundance","NegBinom Time Series","Controls","PE",147.761322625394,217,407,407
2017-07-25,"abundance","NegBinom Time Series","Controls","PF",419.558819477284,217,407,407
2017-07-25,"abundance","NegBinom Time Series","Controls","PH",1e+06,217,407,407
2017-07-25,"abundance","NegBinom Time Series","Controls","PL",37.9708661151009,217,407,407
2017-07-25,"abundance","NegBinom Time Series","Controls","PM",197.79268972653,217,407,407
2017-07-25,"abundance","NegBinom Time Series","Controls","PP",877.366136755823,217,407,407
2017-07-25,"abundance","NegBinom Time Series","Controls","RF",1e+06,217,407,407
2017-07-25,"abundance","NegBinom Time Series","Controls","RM",202.681746853431,217,407,407
2017-07-25,"abundance","NegBinom Time Series","Controls","RO",1e+06,217,407,407
2017-07-25,"abundance","NegBinom Time Series","Controls","SF",151.124155589073,217,407,407
2017-07-25,"abundance","NegBinom Time Series","Controls","SH",95.8584368478605,217,407,407
2017-07-25,"abundance","NegBinom Time Series","Controls","SO",1e+06,217,407,407
2017-07-25,"abundance","NegBinom Time Series","Controls","total",1254.15401834578,217,407,407
2017-07-25,"abundance","Poisson Env","Controls","BA",131.665112954952,217,407,407
2017-07-25,"abundance","Poisson Env","Controls","DM",935.075403015051,217,407,407
2017-07-25,"abundance","Poisson Env","Controls","DO",664.794025085912,217,407,407
2017-07-25,"abundance","Poisson Env","Controls","DS",119.172920642994,217,407,407
2017-07-25,"abundance","Poisson Env","Controls","NA",155.984941508218,217,407,407
2017-07-25,"abundance","Poisson Env","Controls","OL",1e+06,217,407,407
2017-07-25,"abundance","Poisson Env","Controls","OT",636.035326483323,217,407,407
2017-07-25,"abundance","Poisson Env","Controls","PB",614.892334691203,217,407,407
2017-07-25,"abundance","Poisson Env","Controls","PE",149.585347958581,217,407,407
2017-07-25,"abundance","Poisson Env","Controls","PF",438.21907375284,217,407,407
2017-07-25,"abundance","Poisson Env","Controls","PH",1e+06,217,407,407
2017-07-25,"abundance","Poisson Env","Controls","PL",35.5107532975995,217,407,407
2017-07-25,"abundance","Poisson Env","Controls","PM",229.25623617064,217,407,407
2017-07-25,"abundance","Poisson Env","Controls","PP",1019.74768902607,217,407,407
2017-07-25,"abundance","Poisson Env","Controls","RF",1e+06,217,407,407
2017-07-25,"abundance","Poisson Env","Controls","RM",230.906446621141,217,407,407
2017-07-25,"abundance","Poisson Env","Controls","RO",1e+06,217,407,407
2017-07-25,"abundance","Poisson Env","Controls","SF",177.600780330141,217,407,407
2017-07-25,"abundance","Poisson Env","Controls","SH",111.235920873422,217,407,407
2017-07-25,"abundance","Poisson Env","Controls","SO",1e+06,217,407,407
2017-07-25,"abundance","Poisson Env","Controls","total",1375.7138793585,217,407,407
2017-07-25,"abundance","Forecast","Controls","total",1613.84728126521,217,407,407
2017-07-25,"abundance","AutoArima","Controls","total",135.080027668696,217,407,407
2017-07-25,"abundance","NegBinom Time Series","Controls","BA",117.630990392266,217,407,407
2017-07-25,"abundance","NegBinom Time Series","Controls","DM",935.321735520616,217,407,407
2017-07-25,"abundance","NegBinom Time Series","Controls","DO",692.927659796823,217,407,407
2017-07-25,"abundance","NegBinom Time Series","Controls","DS",105.105386463355,217,407,407
2017-07-25,"abundance","NegBinom Time Series","Controls","NA",154.601815537385,217,407,407
2017-07-25,"abundance","NegBinom Time Series","Controls","OL",178.898862929559,217,407,407
2017-07-25,"abundance","NegBinom Time Series","Controls","OT",640.768724538773,217,407,407
2017-07-25,"abundance","NegBinom Time Series","Controls","PB",615.317633887224,217,407,407
2017-07-25,"abundance","NegBinom Time Series","Controls","PE",147.761322625394,217,407,407
2017-07-25,"abundance","NegBinom Time Series","Controls","PF",419.558819477284,217,407,407
2017-07-25,"abundance","NegBinom Time Series","Controls","PH",1e+06,217,407,407
2017-07-25,"abundance","NegBinom Time Series","Controls","PL",37.9708661151009,217,407,407
2017-07-25,"abundance","NegBinom Time Series","Controls","PM",197.79268972653,217,407,407
2017-07-25,"abundance","NegBinom Time Series","Controls","PP",877.366136755823,217,407,407
2017-07-25,"abundance","NegBinom Time Series","Controls","RF",1e+06,217,407,407
2017-07-25,"abundance","NegBinom Time Series","Controls","RM",202.681746853431,217,407,407
2017-07-25,"abundance","NegBinom Time Series","Controls","RO",1e+06,217,407,407
2017-07-25,"abundance","NegBinom Time Series","Controls","SF",151.124155589073,217,407,407
2017-07-25,"abundance","NegBinom Time Series","Controls","SH",95.8584368478605,217,407,407
2017-07-25,"abundance","NegBinom Time Series","Controls","SO",1e+06,217,407,407
2017-07-25,"abundance","NegBinom Time Series","Controls","total",1254.15401834578,217,407,407
2017-07-25,"abundance","Poisson Env","Controls","BA",131.665112954952,217,407,407
2017-07-25,"abundance","Poisson Env","Controls","DM",935.075403015051,217,407,407
2017-07-25,"abundance","Poisson Env","Controls","DO",664.794025085912,217,407,407
2017-07-25,"abundance","Poisson Env","Controls","DS",119.172920642994,217,407,407
2017-07-25,"abundance","Poisson Env","Controls","NA",155.984941508218,217,407,407
2017-07-25,"abundance","Poisson Env","Controls","OL",1e+06,217,407,407
2017-07-25,"abundance","Poisson Env","Controls","OT",636.035326483323,217,407,407
2017-07-25,"abundance","Poisson Env","Controls","PB",614.892334691203,217,407,407
2017-07-25,"abundance","Poisson Env","Controls","PE",149.585347958581,217,407,407
2017-07-25,"abundance","Poisson Env","Controls","PF",438.21907375284,217,407,407
2017-07-25,"abundance","Poisson Env","Controls","PH",1e+06,217,407,407
2017-07-25,"abundance","Poisson Env","Controls","PL",35.5107532975995,217,407,407
2017-07-25,"abundance","Poisson Env","Controls","PM",229.25623617064,217,407,407
2017-07-25,"abundance","Poisson Env","Controls","PP",1019.74768902607,217,407,407
2017-07-25,"abundance","Poisson Env","Controls","RF",1e+06,217,407,407
2017-07-25,"abundance","Poisson Env","Controls","RM",230.906446621141,217,407,407
2017-07-25,"abundance","Poisson Env","Controls","RO",1e+06,217,407,407
2017-07-25,"abundance","Poisson Env","Controls","SF",177.600780330141,217,407,407
2017-07-25,"abundance","Poisson Env","Controls","SH",111.235920873422,217,407,407
2017-07-25,"abundance","Poisson Env","Controls","SO",1e+06,217,407,407
2017-07-25,"abundance","Poisson Env","Controls","total",1375.7138793585,217,407,407
2017-07-25,"abundance","Forecast","Controls","total",1622.62169607945,217,409,409
2017-07-25,"abundance","AutoArima","Controls","total",134.866880792679,217,409,409
2017-07-25,"abundance","NegBinom Time Series","Controls","BA",116.974290221675,217,409,409
2017-07-25,"abundance","NegBinom Time Series","Controls","DM",941.489282437726,217,409,409
2017-07-25,"abundance","NegBinom Time Series","Controls","DO",693.770411226113,217,409,409
2017-07-25,"abundance","NegBinom Time Series","Controls","DS",105.199124063438,217,409,409
2017-07-25,"abundance","NegBinom Time Series","Controls","NA",154.870929654367,217,409,409
2017-07-25,"abundance","NegBinom Time Series","Controls","OL",179.206701792247,217,409,409
2017-07-25,"abundance","NegBinom Time Series","Controls","OT",642.596027787309,217,409,409
2017-07-25,"abundance","NegBinom Time Series","Controls","PB",617.453917672308,217,409,409
2017-07-25,"abundance","NegBinom Time Series","Controls","PE",147.928136421603,217,409,409
2017-07-25,"abundance","NegBinom Time Series","Controls","PF",420.976450975275,217,409,409
2017-07-25,"abundance","NegBinom Time Series","Controls","PH",1e+06,217,409,409
2017-07-25,"abundance","NegBinom Time Series","Controls","PL",38.0075652517368,217,409,409
2017-07-25,"abundance","NegBinom Time Series","Controls","PM",198.071316538867,217,409,409
2017-07-25,"abundance","NegBinom Time Series","Controls","PP",884.576057477176,217,409,409
2017-07-25,"abundance","NegBinom Time Series","Controls","RF",1e+06,217,409,409
2017-07-25,"abundance","NegBinom Time Series","Controls","RM",202.77632865623,217,409,409
2017-07-25,"abundance","NegBinom Time Series","Controls","RO",1e+06,217,409,409
2017-07-25,"abundance","NegBinom Time Series","Controls","SF",150.786831874166,217,409,409
2017-07-25,"abundance","NegBinom Time Series","Controls","SH",95.2012281368942,217,409,409
2017-07-25,"abundance","NegBinom Time Series","Controls","SO",1e+06,217,409,409
2017-07-25,"abundance","NegBinom Time Series","Controls","total",1259.98945618621,217,409,409
2017-07-25,"abundance","Poisson Env","Controls","BA",133.553588698296,217,409,409
2017-07-25,"abundance","Poisson Env","Controls","DM",941.155647572049,217,409,409
2017-07-25,"abundance","Poisson Env","Controls","DO",666.344333682727,217,409,409
2017-07-25,"abundance","Poisson Env","Controls","DS",119.416457040921,217,409,409
2017-07-25,"abundance","Poisson Env","Controls","NA",156.491750547698,217,409,409
2017-07-25,"abundance","Poisson Env","Controls","OL",1e+06,217,409,409
2017-07-25,"abundance","Poisson Env","Controls","OT",638.163728482354,217,409,409
2017-07-25,"abundance","Poisson Env","Controls","PB",678.381431383683,217,409,409
2017-07-25,"abundance","Poisson Env","Controls","PE",150.48159346251,217,409,409
2017-07-25,"abundance","Poisson Env","Controls","PF",438.854125252944,217,409,409
2017-07-25,"abundance","Poisson Env","Controls","PH",1e+06,217,409,409
2017-07-25,"abundance","Poisson Env","Controls","PL",32.2984752191152,217,409,409
2017-07-25,"abundance","Poisson Env","Controls","PM",230.119548988303,217,409,409
2017-07-25,"abundance","Poisson Env","Controls","PP",1025.84024928081,217,409,409
2017-07-25,"abundance","Poisson Env","Controls","RF",1e+06,217,409,409
2017-07-25,"abundance","Poisson Env","Controls","RM",237.921581060906,217,409,409
2017-07-25,"abundance","Poisson Env","Controls","RO",1e+06,217,409,409
2017-07-25,"abundance","Poisson Env","Controls","SF",177.288096349823,217,409,409
2017-07-25,"abundance","Poisson Env","Controls","SH",112.543292608667,217,409,409
2017-07-25,"abundance","Poisson Env","Controls","SO",1e+06,217,409,409
2017-07-25,"abundance","Poisson Env","Controls","total",1380.35859868844,217,409,409
2017-07-25,"abundance","Forecast","Controls","total",1622.62169607945,217,409,409
2017-07-25,"abundance","AutoArima","Controls","total",134.866880792679,217,409,409
2017-07-25,"abundance","NegBinom Time Series","Controls","BA",116.974290221675,217,409,409
2017-07-25,"abundance","NegBinom Time Series","Controls","DM",941.489282437726,217,409,409
2017-07-25,"abundance","NegBinom Time Series","Controls","DO",693.770411226113,217,409,409
2017-07-25,"abundance","NegBinom Time Series","Controls","DS",105.199124063438,217,409,409
2017-07-25,"abundance","NegBinom Time Series","Controls","NA",154.870929654367,217,409,409
2017-07-25,"abundance","NegBinom Time Series","Controls","OL",179.206701792247,217,409,409
2017-07-25,"abundance","NegBinom Time Series","Controls","OT",642.596027787309,217,409,409
2017-07-25,"abundance","NegBinom Time Series","Controls","PB",617.453917672308,217,409,409
2017-07-25,"abundance","NegBinom Time Series","Controls","PE",147.928136421603,217,409,409
2017-07-25,"abundance","NegBinom Time Series","Controls","PF",420.976450975275,217,409,409
2017-07-25,"abundance","NegBinom Time Series","Controls","PH",1e+06,217,409,409
2017-07-25,"abundance","NegBinom Time Series","Controls","PL",38.0075652517368,217,409,409
2017-07-25,"abundance","NegBinom Time Series","Controls","PM",198.071316538867,217,409,409
2017-07-25,"abundance","NegBinom Time Series","Controls","PP",884.576057477176,217,409,409
2017-07-25,"abundance","NegBinom Time Series","Controls","RF",1e+06,217,409,409
2017-07-25,"abundance","NegBinom Time Series","Controls","RM",202.77632865623,217,409,409
2017-07-25,"abundance","NegBinom Time Series","Controls","RO",1e+06,217,409,409
2017-07-25,"abundance","NegBinom Time Series","Controls","SF",150.786831874166,217,409,409
2017-07-25,"abundance","NegBinom Time Series","Controls","SH",95.2012281368942,217,409,409
2017-07-25,"abundance","NegBinom Time Series","Controls","SO",1e+06,217,409,409
2017-07-25,"abundance","NegBinom Time Series","Controls","total",1259.98945618621,217,409,409
2017-07-25,"abundance","Poisson Env","Controls","BA",133.553588698296,217,409,409
2017-07-25,"abundance","Poisson Env","Controls","DM",941.155647572049,217,409,409
2017-07-25,"abundance","Poisson Env","Controls","DO",666.344333682727,217,409,409
2017-07-25,"abundance","Poisson Env","Controls","DS",119.416457040921,217,409,409
2017-07-25,"abundance","Poisson Env","Controls","NA",156.491750547698,217,409,409
2017-07-25,"abundance","Poisson Env","Controls","OL",1e+06,217,409,409
2017-07-25,"abundance","Poisson Env","Controls","OT",638.163728482354,217,409,409
2017-07-25,"abundance","Poisson Env","Controls","PB",678.381431383683,217,409,409
2017-07-25,"abundance","Poisson Env","Controls","PE",150.48159346251,217,409,409
2017-07-25,"abundance","Poisson Env","Controls","PF",438.854125252944,217,409,409
2017-07-25,"abundance","Poisson Env","Controls","PH",1e+06,217,409,409
2017-07-25,"abundance","Poisson Env","Controls","PL",32.2984752191152,217,409,409
2017-07-25,"abundance","Poisson Env","Controls","PM",230.119548988303,217,409,409
2017-07-25,"abundance","Poisson Env","Controls","PP",1025.84024928081,217,409,409
2017-07-25,"abundance","Poisson Env","Controls","RF",1e+06,217,409,409
2017-07-25,"abundance","Poisson Env","Controls","RM",237.921581060906,217,409,409
2017-07-25,"abundance","Poisson Env","Controls","RO",1e+06,217,409,409
2017-07-25,"abundance","Poisson Env","Controls","SF",177.288096349823,217,409,409
2017-07-25,"abundance","Poisson Env","Controls","SH",112.543292608667,217,409,409
2017-07-25,"abundance","Poisson Env","Controls","SO",1e+06,217,409,409
2017-07-25,"abundance","Poisson Env","Controls","total",1380.35859868844,217,409,409
2017-07-25,"abundance","Forecast","Controls","total",1635.19285183608,217,411,411
2017-07-25,"abundance","AutoArima","Controls","total",136.005749009981,217,411,411
2017-07-25,"abundance","NegBinom Time Series","Controls","BA",117.316755751688,217,411,411
2017-07-25,"abundance","NegBinom Time Series","Controls","DM",944.968168313845,217,411,411
2017-07-25,"abundance","NegBinom Time Series","Controls","DO",695.325832492784,217,411,411
2017-07-25,"abundance","NegBinom Time Series","Controls","DS",105.294306693564,217,411,411
2017-07-25,"abundance","NegBinom Time Series","Controls","NA",155.083651238757,217,411,411
2017-07-25,"abundance","NegBinom Time Series","Controls","OL",179.573254667728,217,411,411
2017-07-25,"abundance","NegBinom Time Series","Controls","OT",645.502419377711,217,411,411
2017-07-25,"abundance","NegBinom Time Series","Controls","PB",622.163447578475,217,411,411
2017-07-25,"abundance","NegBinom Time Series","Controls","PE",148.116681169739,217,411,411
2017-07-25,"abundance","NegBinom Time Series","Controls","PF",421.162270956576,217,411,411
2017-07-25,"abundance","NegBinom Time Series","Controls","PH",1e+06,217,411,411
2017-07-25,"abundance","NegBinom Time Series","Controls","PL",1e+06,217,411,411
2017-07-25,"abundance","NegBinom Time Series","Controls","PM",198.349067997921,217,411,411
2017-07-25,"abundance","NegBinom Time Series","Controls","PP",893.90426828268,217,411,411
2017-07-25,"abundance","NegBinom Time Series","Controls","RF",1e+06,217,411,411
2017-07-25,"abundance","NegBinom Time Series","Controls","RM",203.037354345101,217,411,411
2017-07-25,"abundance","NegBinom Time Series","Controls","RO",1e+06,217,411,411
2017-07-25,"abundance","NegBinom Time Series","Controls","SF",150.88295771347,217,411,411
2017-07-25,"abundance","NegBinom Time Series","Controls","SH",95.3424670303074,217,411,411
2017-07-25,"abundance","NegBinom Time Series","Controls","SO",1e+06,217,411,411
2017-07-25,"abundance","NegBinom Time Series","Controls","total",1267.81343905521,217,411,411
2017-07-25,"abundance","Poisson Env","Controls","BA",134.567805345943,217,411,411
2017-07-25,"abundance","Poisson Env","Controls","DM",945.469130779831,217,411,411
2017-07-25,"abundance","Poisson Env","Controls","DO",668.347932939119,217,411,411
2017-07-25,"abundance","Poisson Env","Controls","DS",85.1751612521508,217,411,411
2017-07-25,"abundance","Poisson Env","Controls","NA",157.030211842195,217,411,411
2017-07-25,"abundance","Poisson Env","Controls","OL",1e+06,217,411,411
2017-07-25,"abundance","Poisson Env","Controls","OT",641.54321758233,217,411,411
2017-07-25,"abundance","Poisson Env","Controls","PB",760.16788139996,217,411,411
2017-07-25,"abundance","Poisson Env","Controls","PE",150.359214450011,217,411,411
2017-07-25,"abundance","Poisson Env","Controls","PF",440.077126730571,217,411,411
2017-07-25,"abundance","Poisson Env","Controls","PH",1e+06,217,411,411
2017-07-25,"abundance","Poisson Env","Controls","PL",35.5467974691144,217,411,411
2017-07-25,"abundance","Poisson Env","Controls","PM",230.633752498623,217,411,411
2017-07-25,"abundance","Poisson Env","Controls","PP",1041.44224560404,217,411,411
2017-07-25,"abundance","Poisson Env","Controls","RF",1e+06,217,411,411
2017-07-25,"abundance","Poisson Env","Controls","RM",231.459993670583,217,411,411
2017-07-25,"abundance","Poisson Env","Controls","RO",1e+06,217,411,411
2017-07-25,"abundance","Poisson Env","Controls","SF",174.334436548776,217,411,411
2017-07-25,"abundance","Poisson Env","Controls","SH",112.629629474782,217,411,411
2017-07-25,"abundance","Poisson Env","Controls","SO",1e+06,217,411,411
2017-07-25,"abundance","Poisson Env","Controls","total",1387.90294019779,217,411,411
2017-07-25,"abundance","Forecast","Controls","total",1635.19285183608,217,411,411
2017-07-25,"abundance","AutoArima","Controls","total",136.005749009981,217,411,411
2017-07-25,"abundance","NegBinom Time Series","Controls","BA",117.316755751688,217,411,411
2017-07-25,"abundance","NegBinom Time Series","Controls","DM",944.968168313845,217,411,411
2017-07-25,"abundance","NegBinom Time Series","Controls","DO",695.325832492784,217,411,411
2017-07-25,"abundance","NegBinom Time Series","Controls","DS",105.294306693564,217,411,411
2017-07-25,"abundance","NegBinom Time Series","Controls","NA",155.083651238757,217,411,411
2017-07-25,"abundance","NegBinom Time Series","Controls","OL",179.573254667728,217,411,411
2017-07-25,"abundance","NegBinom Time Series","Controls","OT",645.502419377711,217,411,411
2017-07-25,"abundance","NegBinom Time Series","Controls","PB",622.163447578475,217,411,411
2017-07-25,"abundance","NegBinom Time Series","Controls","PE",148.116681169739,217,411,411
2017-07-25,"abundance","NegBinom Time Series","Controls","PF",421.162270956576,217,411,411
2017-07-25,"abundance","NegBinom Time Series","Controls","PH",1e+06,217,411,411
2017-07-25,"abundance","NegBinom Time Series","Controls","PL",1e+06,217,411,411
2017-07-25,"abundance","NegBinom Time Series","Controls","PM",198.349067997921,217,411,411
2017-07-25,"abundance","NegBinom Time Series","Controls","PP",893.90426828268,217,411,411
2017-07-25,"abundance","NegBinom Time Series","Controls","RF",1e+06,217,411,411
2017-07-25,"abundance","NegBinom Time Series","Controls","RM",203.037354345101,217,411,411
2017-07-25,"abundance","NegBinom Time Series","Controls","RO",1e+06,217,411,411
2017-07-25,"abundance","NegBinom Time Series","Controls","SF",150.88295771347,217,411,411
2017-07-25,"abundance","NegBinom Time Series","Controls","SH",95.3424670303074,217,411,411
2017-07-25,"abundance","NegBinom Time Series","Controls","SO",1e+06,217,411,411
2017-07-25,"abundance","NegBinom Time Series","Controls","total",1267.81343905521,217,411,411
2017-07-25,"abundance","Poisson Env","Controls","BA",134.567805345943,217,411,411
2017-07-25,"abundance","Poisson Env","Controls","DM",945.469130779831,217,411,411
2017-07-25,"abundance","Poisson Env","Controls","DO",668.347932939119,217,411,411
2017-07-25,"abundance","Poisson Env","Controls","DS",85.1751612521508,217,411,411
2017-07-25,"abundance","Poisson Env","Controls","NA",157.030211842195,217,411,411
2017-07-25,"abundance","Poisson Env","Controls","OL",1e+06,217,411,411
2017-07-25,"abundance","Poisson Env","Controls","OT",641.54321758233,217,411,411
2017-07-25,"abundance","Poisson Env","Controls","PB",760.16788139996,217,411,411
2017-07-25,"abundance","Poisson Env","Controls","PE",150.359214450011,217,411,411
2017-07-25,"abundance","Poisson Env","Controls","PF",440.077126730571,217,411,411
2017-07-25,"abundance","Poisson Env","Controls","PH",1e+06,217,411,411
2017-07-25,"abundance","Poisson Env","Controls","PL",35.5467974691144,217,411,411
2017-07-25,"abundance","Poisson Env","Controls","PM",230.633752498623,217,411,411
2017-07-25,"abundance","Poisson Env","Controls","PP",1041.44224560404,217,411,411
2017-07-25,"abundance","Poisson Env","Controls","RF",1e+06,217,411,411
2017-07-25,"abundance","Poisson Env","Controls","RM",231.459993670583,217,411,411
2017-07-25,"abundance","Poisson Env","Controls","RO",1e+06,217,411,411
2017-07-25,"abundance","Poisson Env","Controls","SF",174.334436548776,217,411,411
2017-07-25,"abundance","Poisson Env","Controls","SH",112.629629474782,217,411,411
2017-07-25,"abundance","Poisson Env","Controls","SO",1e+06,217,411,411
2017-07-25,"abundance","Poisson Env","Controls","total",1387.90294019779,217,411,411
2017-07-25,"abundance","Forecast","Controls","total",1647.68491931273,217,413,413
2017-07-25,"abundance","AutoArima","Controls","total",139.485505193389,217,413,413
2017-07-25,"abundance","NegBinom Time Series","Controls","BA",117.367887544384,217,413,413
2017-07-25,"abundance","NegBinom Time Series","Controls","DM",949.142900443315,217,413,413
2017-07-25,"abundance","NegBinom Time Series","Controls","DO",697.6184649005,217,413,413
2017-07-25,"abundance","NegBinom Time Series","Controls","DS",105.578277290652,217,413,413
2017-07-25,"abundance","NegBinom Time Series","Controls","NA",155.311585001188,217,413,413
2017-07-25,"abundance","NegBinom Time Series","Controls","OL",179.7446710453,217,413,413
2017-07-25,"abundance","NegBinom Time Series","Controls","OT",647.42632279331,217,413,413
2017-07-25,"abundance","NegBinom Time Series","Controls","PB",624.782792978938,217,413,413
2017-07-25,"abundance","NegBinom Time Series","Controls","PE",148.30993905141,217,413,413
2017-07-25,"abundance","NegBinom Time Series","Controls","PF",423.93101080274,217,413,413
2017-07-25,"abundance","NegBinom Time Series","Controls","PH",1e+06,217,413,413
2017-07-25,"abundance","NegBinom Time Series","Controls","PL",38.080297141862,217,413,413
2017-07-25,"abundance","NegBinom Time Series","Controls","PM",198.625365715609,217,413,413
2017-07-25,"abundance","NegBinom Time Series","Controls","PP",901.07840579341,217,413,413
2017-07-25,"abundance","NegBinom Time Series","Controls","RF",1e+06,217,413,413
2017-07-25,"abundance","NegBinom Time Series","Controls","RM",203.462526263195,217,413,413
2017-07-25,"abundance","NegBinom Time Series","Controls","RO",1e+06,217,413,413
2017-07-25,"abundance","NegBinom Time Series","Controls","SF",151.108096289357,217,413,413
2017-07-25,"abundance","NegBinom Time Series","Controls","SH",95.8886704963887,217,413,413
2017-07-25,"abundance","NegBinom Time Series","Controls","SO",1e+06,217,413,413
2017-07-25,"abundance","NegBinom Time Series","Controls","total",1277.38490852629,217,413,413
2017-07-25,"abundance","Poisson Env","Controls","BA",132.191064479559,217,413,413
2017-07-25,"abundance","Poisson Env","Controls","DM",949.561741882368,217,413,413
2017-07-25,"abundance","Poisson Env","Controls","DO",672.123975268389,217,413,413
2017-07-25,"abundance","Poisson Env","Controls","DS",119.890160809438,217,413,413
2017-07-25,"abundance","Poisson Env","Controls","NA",157.119660988457,217,413,413
2017-07-25,"abundance","Poisson Env","Controls","OL",191.697859631637,217,413,413
2017-07-25,"abundance","Poisson Env","Controls","OT",643.808520573094,217,413,413
2017-07-25,"abundance","Poisson Env","Controls","PB",674.004995949085,217,413,413
2017-07-25,"abundance","Poisson Env","Controls","PE",150.829093017866,217,413,413
2017-07-25,"abundance","Poisson Env","Controls","PF",442.39523129137,217,413,413
2017-07-25,"abundance","Poisson Env","Controls","PH",1e+06,217,413,413
2017-07-25,"abundance","Poisson Env","Controls","PL",34.2899844526636,217,413,413
2017-07-25,"abundance","Poisson Env","Controls","PM",230.996493383304,217,413,413
2017-07-25,"abundance","Poisson Env","Controls","PP",1063.51889068515,217,413,413
2017-07-25,"abundance","Poisson Env","Controls","RF",1e+06,217,413,413
2017-07-25,"abundance","Poisson Env","Controls","RM",238.763745007222,217,413,413
2017-07-25,"abundance","Poisson Env","Controls","RO",1e+06,217,413,413
2017-07-25,"abundance","Poisson Env","Controls","SF",175.551032407476,217,413,413
2017-07-25,"abundance","Poisson Env","Controls","SH",112.79025897684,217,413,413
2017-07-25,"abundance","Poisson Env","Controls","SO",1e+06,217,413,413
2017-07-25,"abundance","Poisson Env","Controls","total",1408.26767757643,217,413,413
2017-07-25,"abundance","Forecast","Controls","total",1647.68491931273,217,413,413
2017-07-25,"abundance","AutoArima","Controls","total",139.485505193389,217,413,413
2017-07-25,"abundance","NegBinom Time Series","Controls","BA",117.367887544384,217,413,413
2017-07-25,"abundance","NegBinom Time Series","Controls","DM",949.142900443315,217,413,413
2017-07-25,"abundance","NegBinom Time Series","Controls","DO",697.6184649005,217,413,413
2017-07-25,"abundance","NegBinom Time Series","Controls","DS",105.578277290652,217,413,413
2017-07-25,"abundance","NegBinom Time Series","Controls","NA",155.311585001188,217,413,413
2017-07-25,"abundance","NegBinom Time Series","Controls","OL",179.7446710453,217,413,413
2017-07-25,"abundance","NegBinom Time Series","Controls","OT",647.42632279331,217,413,413
2017-07-25,"abundance","NegBinom Time Series","Controls","PB",624.782792978938,217,413,413
2017-07-25,"abundance","NegBinom Time Series","Controls","PE",148.30993905141,217,413,413
2017-07-25,"abundance","NegBinom Time Series","Controls","PF",423.93101080274,217,413,413
2017-07-25,"abundance","NegBinom Time Series","Controls","PH",1e+06,217,413,413
2017-07-25,"abundance","NegBinom Time Series","Controls","PL",38.080297141862,217,413,413
2017-07-25,"abundance","NegBinom Time Series","Controls","PM",198.625365715609,217,413,413
2017-07-25,"abundance","NegBinom Time Series","Controls","PP",901.07840579341,217,413,413
2017-07-25,"abundance","NegBinom Time Series","Controls","RF",1e+06,217,413,413
2017-07-25,"abundance","NegBinom Time Series","Controls","RM",203.462526263195,217,413,413
2017-07-25,"abundance","NegBinom Time Series","Controls","RO",1e+06,217,413,413
2017-07-25,"abundance","NegBinom Time Series","Controls","SF",151.108096289357,217,413,413
2017-07-25,"abundance","NegBinom Time Series","Controls","SH",95.8886704963887,217,413,413
2017-07-25,"abundance","NegBinom Time Series","Controls","SO",1e+06,217,413,413
2017-07-25,"abundance","NegBinom Time Series","Controls","total",1277.38490852629,217,413,413
2017-07-25,"abundance","Poisson Env","Controls","BA",132.191064479559,217,413,413
2017-07-25,"abundance","Poisson Env","Controls","DM",949.561741882368,217,413,413
2017-07-25,"abundance","Poisson Env","Controls","DO",672.123975268389,217,413,413
2017-07-25,"abundance","Poisson Env","Controls","DS",119.890160809438,217,413,413
2017-07-25,"abundance","Poisson Env","Controls","NA",157.119660988457,217,413,413
2017-07-25,"abundance","Poisson Env","Controls","OL",191.697859631637,217,413,413
2017-07-25,"abundance","Poisson Env","Controls","OT",643.808520573094,217,413,413
2017-07-25,"abundance","Poisson Env","Controls","PB",674.004995949085,217,413,413
2017-07-25,"abundance","Poisson Env","Controls","PE",150.829093017866,217,413,413
2017-07-25,"abundance","Poisson Env","Controls","PF",442.39523129137,217,413,413
2017-07-25,"abundance","Poisson Env","Controls","PH",1e+06,217,413,413
2017-07-25,"abundance","Poisson Env","Controls","PL",34.2899844526636,217,413,413
2017-07-25,"abundance","Poisson Env","Controls","PM",230.996493383304,217,413,413
2017-07-25,"abundance","Poisson Env","Controls","PP",1063.51889068515,217,413,413
2017-07-25,"abundance","Poisson Env","Controls","RF",1e+06,217,413,413
2017-07-25,"abundance","Poisson Env","Controls","RM",238.763745007222,217,413,413
2017-07-25,"abundance","Poisson Env","Controls","RO",1e+06,217,413,413
2017-07-25,"abundance","Poisson Env","Controls","SF",175.551032407476,217,413,413
2017-07-25,"abundance","Poisson Env","Controls","SH",112.79025897684,217,413,413
2017-07-25,"abundance","Poisson Env","Controls","SO",1e+06,217,413,413
2017-07-25,"abundance","Poisson Env","Controls","total",1408.26767757643,217,413,413
2017-07-25,"abundance","Forecast","Controls","total",1657.17382465616,217,415,415
2017-07-25,"abundance","AutoArima","Controls","total",139.467886593587,217,415,415
2017-07-25,"abundance","NegBinom Time Series","Controls","BA",117.541289900606,217,415,415
2017-07-25,"abundance","NegBinom Time Series","Controls","DM",954.276485796253,217,415,415
2017-07-25,"abundance","NegBinom Time Series","Controls","DO",699.50306345795,217,415,415
2017-07-25,"abundance","NegBinom Time Series","Controls","DS",105.645445590254,217,415,415
2017-07-25,"abundance","NegBinom Time Series","Controls","NA",155.517932753773,217,415,415
2017-07-25,"abundance","NegBinom Time Series","Controls","OL",179.994722430177,217,415,415
2017-07-25,"abundance","NegBinom Time Series","Controls","OT",651.055623693942,217,415,415
2017-07-25,"abundance","NegBinom Time Series","Controls","PB",625.335058726789,217,415,415
2017-07-25,"abundance","NegBinom Time Series","Controls","PE",148.491253436108,217,415,415
2017-07-25,"abundance","NegBinom Time Series","Controls","PF",425.474643227869,217,415,415
2017-07-25,"abundance","NegBinom Time Series","Controls","PH",1e+06,217,415,415
2017-07-25,"abundance","NegBinom Time Series","Controls","PL",1e+06,217,415,415
2017-07-25,"abundance","NegBinom Time Series","Controls","PM",198.900296199429,217,415,415
2017-07-25,"abundance","NegBinom Time Series","Controls","PP",905.48608761465,217,415,415
2017-07-25,"abundance","NegBinom Time Series","Controls","RF",1e+06,217,415,415
2017-07-25,"abundance","NegBinom Time Series","Controls","RM",203.691903061086,217,415,415
2017-07-25,"abundance","NegBinom Time Series","Controls","RO",1e+06,217,415,415
2017-07-25,"abundance","NegBinom Time Series","Controls","SF",151.996795396723,217,415,415
2017-07-25,"abundance","NegBinom Time Series","Controls","SH",95.2268348880132,217,415,415
2017-07-25,"abundance","NegBinom Time Series","Controls","SO",1e+06,217,415,415
2017-07-25,"abundance","NegBinom Time Series","Controls","total",1283.00432557475,217,415,415
2017-07-25,"abundance","Poisson Env","Controls","BA",132.367652204134,217,415,415
2017-07-25,"abundance","Poisson Env","Controls","DM",954.169409281011,217,415,415
2017-07-25,"abundance","Poisson Env","Controls","DO",674.140465606083,217,415,415
2017-07-25,"abundance","Poisson Env","Controls","DS",115.531877080955,217,415,415
2017-07-25,"abundance","Poisson Env","Controls","NA",157.380005078424,217,415,415
2017-07-25,"abundance","Poisson Env","Controls","OL",1e+06,217,415,415
2017-07-25,"abundance","Poisson Env","Controls","OT",647.568233110452,217,415,415
2017-07-25,"abundance","Poisson Env","Controls","PB",674.532247360676,217,415,415
2017-07-25,"abundance","Poisson Env","Controls","PE",150.901834843768,217,415,415
2017-07-25,"abundance","Poisson Env","Controls","PF",443.977573737099,217,415,415
2017-07-25,"abundance","Poisson Env","Controls","PH",1e+06,217,415,415
2017-07-25,"abundance","Poisson Env","Controls","PL",34.2959481792759,217,415,415
2017-07-25,"abundance","Poisson Env","Controls","PM",231.272920551548,217,415,415
2017-07-25,"abundance","Poisson Env","Controls","PP",1068.56737537483,217,415,415
2017-07-25,"abundance","Poisson Env","Controls","RF",1e+06,217,415,415
2017-07-25,"abundance","Poisson Env","Controls","RM",232.670131064438,217,415,415
2017-07-25,"abundance","Poisson Env","Controls","RO",1e+06,217,415,415
2017-07-25,"abundance","Poisson Env","Controls","SF",175.783400599942,217,415,415
2017-07-25,"abundance","Poisson Env","Controls","SH",112.762198737347,217,415,415
2017-07-25,"abundance","Poisson Env","Controls","SO",1e+06,217,415,415
2017-07-25,"abundance","Poisson Env","Controls","total",1412.41167434377,217,415,415
2017-07-25,"abundance","Forecast","Controls","total",1668.47479058009,217,416,416
2017-07-25,"abundance","AutoArima","Controls","total",142.622274174981,217,416,416
2017-07-25,"abundance","NegBinom Time Series","Controls","BA",117.856816113787,217,416,416
2017-07-25,"abundance","NegBinom Time Series","Controls","DM",960.627186501059,217,416,416
2017-07-25,"abundance","NegBinom Time Series","Controls","DO",702.476466912398,217,416,416
2017-07-25,"abundance","NegBinom Time Series","Controls","DS",105.597870814414,217,416,416
2017-07-25,"abundance","NegBinom Time Series","Controls","NA",155.74517094153,217,416,416
2017-07-25,"abundance","NegBinom Time Series","Controls","OL",180.334753620819,217,416,416
2017-07-25,"abundance","NegBinom Time Series","Controls","OT",654.863091649295,217,416,416
2017-07-25,"abundance","NegBinom Time Series","Controls","PB",625.619319498639,217,416,416
2017-07-25,"abundance","NegBinom Time Series","Controls","PE",148.675647520023,217,416,416
2017-07-25,"abundance","NegBinom Time Series","Controls","PF",426.004773460414,217,416,416
2017-07-25,"abundance","NegBinom Time Series","Controls","PH",1e+06,217,416,416
2017-07-25,"abundance","NegBinom Time Series","Controls","PL",38.1521582611568,217,416,416
2017-07-25,"abundance","NegBinom Time Series","Controls","PM",199.221982116172,217,416,416
2017-07-25,"abundance","NegBinom Time Series","Controls","PP",907.917383959976,217,416,416
2017-07-25,"abundance","NegBinom Time Series","Controls","RF",1e+06,217,416,416
2017-07-25,"abundance","NegBinom Time Series","Controls","RM",203.989529896421,217,416,416
2017-07-25,"abundance","NegBinom Time Series","Controls","RO",1e+06,217,416,416
2017-07-25,"abundance","NegBinom Time Series","Controls","SF",151.646091585773,217,416,416
2017-07-25,"abundance","NegBinom Time Series","Controls","SH",95.1430732075941,217,416,416
2017-07-25,"abundance","NegBinom Time Series","Controls","SO",1e+06,217,416,416
2017-07-25,"abundance","NegBinom Time Series","Controls","total",1290.8247055835,217,416,416
2017-07-25,"abundance","Poisson Env","Controls","BA",134.085004858897,217,416,416
2017-07-25,"abundance","Poisson Env","Controls","DM",959.807207947821,217,416,416
2017-07-25,"abundance","Poisson Env","Controls","DO",677.430542047429,217,416,416
2017-07-25,"abundance","Poisson Env","Controls","DS",87.6625555340761,217,416,416
2017-07-25,"abundance","Poisson Env","Controls","NA",157.136190079456,217,416,416
2017-07-25,"abundance","Poisson Env","Controls","OL",1e+06,217,416,416
2017-07-25,"abundance","Poisson Env","Controls","OT",651.953691618633,217,416,416
2017-07-25,"abundance","Poisson Env","Controls","PB",677.879064827543,217,416,416
2017-07-25,"abundance","Poisson Env","Controls","PE",150.848908365169,217,416,416
2017-07-25,"abundance","Poisson Env","Controls","PF",444.717469735555,217,416,416
2017-07-25,"abundance","Poisson Env","Controls","PH",1e+06,217,416,416
2017-07-25,"abundance","Poisson Env","Controls","PL",34.2983220574932,217,416,416
2017-07-25,"abundance","Poisson Env","Controls","PM",231.572526438271,217,416,416
2017-07-25,"abundance","Poisson Env","Controls","PP",1071.28208944727,217,416,416
2017-07-25,"abundance","Poisson Env","Controls","RF",1e+06,217,416,416
2017-07-25,"abundance","Poisson Env","Controls","RM",233.480809818605,217,416,416
2017-07-25,"abundance","Poisson Env","Controls","RO",1e+06,217,416,416
2017-07-25,"abundance","Poisson Env","Controls","SF",176.314597754533,217,416,416
2017-07-25,"abundance","Poisson Env","Controls","SH",112.867079140148,217,416,416
2017-07-25,"abundance","Poisson Env","Controls","SO",1e+06,217,416,416
2017-07-25,"abundance","Poisson Env","Controls","total",1422.42904137792,217,416,416
2017-07-25,"abundance","Forecast","Controls","total",1676.5310591348,217,417,417
2017-07-25,"abundance","AutoArima","Controls","total",142.502977921196,217,417,417
2017-07-25,"abundance","NegBinom Time Series","Controls","BA",117.599201854219,217,417,417
2017-07-25,"abundance","NegBinom Time Series","Controls","DM",966.221379551683,217,417,417
2017-07-25,"abundance","NegBinom Time Series","Controls","DO",704.207323879615,217,417,417
2017-07-25,"abundance","NegBinom Time Series","Controls","DS",105.741068836533,217,417,417
2017-07-25,"abundance","NegBinom Time Series","Controls","NA",156.040455349441,217,417,417
2017-07-25,"abundance","NegBinom Time Series","Controls","OL",180.516263097374,217,417,417
2017-07-25,"abundance","NegBinom Time Series","Controls","OT",656.991404122102,217,417,417
2017-07-25,"abundance","NegBinom Time Series","Controls","PB",626.100282286648,217,417,417
2017-07-25,"abundance","NegBinom Time Series","Controls","PE",148.868887681186,217,417,417
2017-07-25,"abundance","NegBinom Time Series","Controls","PF",426.3883425253,217,417,417
2017-07-25,"abundance","NegBinom Time Series","Controls","PH",1e+06,217,417,417
2017-07-25,"abundance","NegBinom Time Series","Controls","PL",1e+06,217,417,417
2017-07-25,"abundance","NegBinom Time Series","Controls","PM",199.445330663634,217,417,417
2017-07-25,"abundance","NegBinom Time Series","Controls","PP",909.316439390758,217,417,417
2017-07-25,"abundance","NegBinom Time Series","Controls","RF",1e+06,217,417,417
2017-07-25,"abundance","NegBinom Time Series","Controls","RM",204.184046053817,217,417,417
2017-07-25,"abundance","NegBinom Time Series","Controls","RO",1e+06,217,417,417
2017-07-25,"abundance","NegBinom Time Series","Controls","SF",151.788429475663,217,417,417
2017-07-25,"abundance","NegBinom Time Series","Controls","SH",95.6443882748009,217,417,417
2017-07-25,"abundance","NegBinom Time Series","Controls","SO",1e+06,217,417,417
2017-07-25,"abundance","NegBinom Time Series","Controls","total",1296.45313358522,217,417,417
2017-07-25,"abundance","Poisson Env","Controls","BA",134.732211470499,217,417,417
2017-07-25,"abundance","Poisson Env","Controls","DM",964.763810080355,217,417,417
2017-07-25,"abundance","Poisson Env","Controls","DO",679.244389431666,217,417,417
2017-07-25,"abundance","Poisson Env","Controls","DS",119.203602072183,217,417,417
2017-07-25,"abundance","Poisson Env","Controls","NA",157.332157910959,217,417,417
2017-07-25,"abundance","Poisson Env","Controls","OL",1e+06,217,417,417
2017-07-25,"abundance","Poisson Env","Controls","OT",653.955024305489,217,417,417
2017-07-25,"abundance","Poisson Env","Controls","PB",697.140696995788,217,417,417
2017-07-25,"abundance","Poisson Env","Controls","PE",150.615637957243,217,417,417
2017-07-25,"abundance","Poisson Env","Controls","PF",445.657305153959,217,417,417
2017-07-25,"abundance","Poisson Env","Controls","PH",1e+06,217,417,417
2017-07-25,"abundance","Poisson Env","Controls","PL",35.5750489402897,217,417,417
2017-07-25,"abundance","Poisson Env","Controls","PM",231.924463698024,217,417,417
2017-07-25,"abundance","Poisson Env","Controls","PP",1072.88854155726,217,417,417
2017-07-25,"abundance","Poisson Env","Controls","RF",1e+06,217,417,417
2017-07-25,"abundance","Poisson Env","Controls","RM",234.133427538274,217,417,417
2017-07-25,"abundance","Poisson Env","Controls","RO",1e+06,217,417,417
2017-07-25,"abundance","Poisson Env","Controls","SF",176.337947624573,217,417,417
2017-07-25,"abundance","Poisson Env","Controls","SH",112.929434257515,217,417,417
2017-07-25,"abundance","Poisson Env","Controls","SO",1e+06,217,417,417
2017-07-25,"abundance","Poisson Env","Controls","total",1426.96799369551,217,417,417
2017-07-25,"abundance","Forecast","Controls","total",1689.53663296279,217,418,418
2017-07-25,"abundance","AutoArima","Controls","total",143.887493306456,217,418,418
2017-07-25,"abundance","NegBinom Time Series","Controls","BA",117.752149387585,217,418,418
2017-07-25,"abundance","NegBinom Time Series","Controls","DM",970.627006492098,217,418,418
2017-07-25,"abundance","NegBinom Time Series","Controls","DO",709.661871360137,217,418,418
2017-07-25,"abundance","NegBinom Time Series","Controls","DS",105.7482239384,217,418,418
2017-07-25,"abundance","NegBinom Time Series","Controls","NA",156.207466077847,217,418,418
2017-07-25,"abundance","NegBinom Time Series","Controls","OL",180.774569330018,217,418,418
2017-07-25,"abundance","NegBinom Time Series","Controls","OT",659.825767239166,217,418,418
2017-07-25,"abundance","NegBinom Time Series","Controls","PB",627.599777779998,217,418,418
2017-07-25,"abundance","NegBinom Time Series","Controls","PE",149.043103499694,217,418,418
2017-07-25,"abundance","NegBinom Time Series","Controls","PF",429.545045789042,217,418,418
2017-07-25,"abundance","NegBinom Time Series","Controls","PH",1e+06,217,418,418
2017-07-25,"abundance","NegBinom Time Series","Controls","PL",1e+06,217,418,418
2017-07-25,"abundance","NegBinom Time Series","Controls","PM",199.715817320336,217,418,418
2017-07-25,"abundance","NegBinom Time Series","Controls","PP",931.318673883097,217,418,418
2017-07-25,"abundance","NegBinom Time Series","Controls","RF",1e+06,217,418,418
2017-07-25,"abundance","NegBinom Time Series","Controls","RM",204.312198702107,217,418,418
2017-07-25,"abundance","NegBinom Time Series","Controls","RO",1e+06,217,418,418
2017-07-25,"abundance","NegBinom Time Series","Controls","SF",152.01444439169,217,418,418
2017-07-25,"abundance","NegBinom Time Series","Controls","SH",95.718839370369,217,418,418
2017-07-25,"abundance","NegBinom Time Series","Controls","SO",1e+06,217,418,418
2017-07-25,"abundance","NegBinom Time Series","Controls","total",1303.5259891175,217,418,418
2017-07-25,"abundance","Poisson Env","Controls","BA",134.743914856024,217,418,418
2017-07-25,"abundance","Poisson Env","Controls","DM",969.304973888711,217,418,418
2017-07-25,"abundance","Poisson Env","Controls","DO",683.015448920986,217,418,418
2017-07-25,"abundance","Poisson Env","Controls","DS",120.414927893914,217,418,418
2017-07-25,"abundance","Poisson Env","Controls","NA",157.553541408563,217,418,418
2017-07-25,"abundance","Poisson Env","Controls","OL",1e+06,217,418,418
2017-07-25,"abundance","Poisson Env","Controls","OT",657.504210448625,217,418,418
2017-07-25,"abundance","Poisson Env","Controls","PB",729.503345060548,217,418,418
2017-07-25,"abundance","Poisson Env","Controls","PE",150.655254120289,217,418,418
2017-07-25,"abundance","Poisson Env","Controls","PF",448.048059458548,217,418,418
2017-07-25,"abundance","Poisson Env","Controls","PH",1e+06,217,418,418
2017-07-25,"abundance","Poisson Env","Controls","PL",35.5983414553672,217,418,418
2017-07-25,"abundance","Poisson Env","Controls","PM",232.320065217953,217,418,418
2017-07-25,"abundance","Poisson Env","Controls","PP",1105.86668161091,217,418,418
2017-07-25,"abundance","Poisson Env","Controls","RF",1e+06,217,418,418
2017-07-25,"abundance","Poisson Env","Controls","RM",234.57711696198,217,418,418
2017-07-25,"abundance","Poisson Env","Controls","RO",1e+06,217,418,418
2017-07-25,"abundance","Poisson Env","Controls","SF",176.529620724261,217,418,418
2017-07-25,"abundance","Poisson Env","Controls","SH",113.033018491109,217,418,418
2017-07-25,"abundance","Poisson Env","Controls","SO",1e+06,217,418,418
2017-07-25,"abundance","Poisson Env","Controls","total",1434.28318932873,217,418,418
